<?xml version="1.0" encoding="UTF-8"?>
<jugadors>
	<jugador>
		<email>
			jugador1@email.com
		</email>
		<foto>
			https://example.com/foto.png
		</foto>
		<personatge>
			Aurora
		</personatge>
		<categoria>
			Humà
		</categoria>
		<foto>
			https://example.com/foto.png
		</foto>
		<habilitats>
			<força>
				8
			</força>
			<destresa>
				3
			</destresa>
			<saviesa>
				7
			</saviesa>
			<velocitat>
				3
			</velocitat>
			<resistencia>
				4
			</resistencia>
			<recuperacióVida>
				9
			</recuperacióVida>
		</habilitats>
	</jugador>
	<jugador>
		<email>
			jugador2@email.com
		</email>
		<foto>
			https://example.com/foto.png
		</foto>
		<personatge>
			Paula
		</personatge>
		<categoria>
			Nan
		</categoria>
		<foto>
			https://example.com/foto.png
		</foto>
		<habilitats>
			<força>
				4
			</força>
			<destresa>
				9
			</destresa>
			<saviesa>
				2
			</saviesa>
			<velocitat>
				6
			</velocitat>
			<resistencia>
				7
			</resistencia>
			<recuperacióVida>
				1
			</recuperacióVida>
		</habilitats>
	</jugador>
	<jugador>
		<email>
			jugador3@email.com
		</email>
		<foto>
			https://example.com/foto.png
		</foto>
		<personatge>
			Emma
		</personatge>
		<categoria>
			Vampir
		</categoria>
		<foto>
			https://example.com/foto.png
		</foto>
		<habilitats>
			<força>
				2
			</força>
			<destresa>
				8
			</destresa>
			<saviesa>
				3
			</saviesa>
			<velocitat>
				7
			</velocitat>
			<resistencia>
				5
			</resistencia>
			<recuperacióVida>
				0
			</recuperacióVida>
		</habilitats>
	</jugador>
	<jugador>
		<email>
			jugador4@email.com
		</email>
		<foto>
			https://example.com/foto.png
		</foto>
		<personatge>
			Clau
		</personatge>
		<categoria>
			Elf
		</categoria>
		<foto>
			https://example.com/foto.png
		</foto>
		<habilitats>
			<força>
				6
			</força>
			<destresa>
				4
			</destresa>
			<saviesa>
				10
			</saviesa>
			<velocitat>
				4
			</velocitat>
			<resistencia>
				2
			</resistencia>
			<recuperacióVida>
				5
			</recuperacióVida>
		</habilitats>
	</jugador>
</jugadors>